Last,First,Email
Cai,Christina,christina.cai@duke.edu
"Cho, ",DongKyu,dongkyu.cho@duke.edu
Fan,Li,li.fan@duke.edu
Gleich,Aiddan,aidan.gleich@duke.edu
Jacobson,Gwen,gwen.jacobson@duke.edu
Kang,Hun,gyeonghun.kang@duke.edu
Neubrander,Marie,marie.neubrander@duke.edu
Singh,Vivek,vivek.singh@duke.edu
Vincent,Sylvia,sylvia.vincent@duke.edu
Wang,Shuo,shuo.wang717@duke.edu
Woitschig,Patrick,patrick.woitschig@duke.edu